real,brigthness0,motion0,sleep0,brigthness1,motion1,sleep1,brigthness2,motion2,sleep2,brigthness3,motion3,sleep3,brigthness4,motion4,sleep4
0,1,1,95,1,1,77,1,6,8
0,1,1,95,1,4,62,1,6,10
1,1,3,91,1,1,84,1,6,8
1,1,3,90,1,1,87,1,6,16
1,1,3,90,1,1,95,1,1,77
0,1,3,92,1,1,95,1,4,62
0,1,1,95,1,3,91,1,1,84
0,1,1,95,1,3,90,1,1,95
0,1,1,95,1,3,92,1,1,95
1,1,1,95,1,3,92,1,1,95
1,1,4,83,1,1,95,1,3,92
0,1,2,90,1,4,83,1,3,92
0,1,5,66,1,4,83,1,1,95
0,1,5,66,1,4,87,1,1,95
1,1,5,66,1,2,90,1,4,83
0,1,1,75,1,1,89,1,4,83
0,1,1,95,1,5,66,1,2,90
0,1,1,95,1,1,75,1,1,89
1,1,4,83,1,1,82,1,1,89
1,1,4,83,1,1,82,1,1,89
0,1,4,83,1,1,95,1,1,75
0,1,4,86,1,4,83,1,1,95
0,1,4,77,1,3,93,1,1,95
0,1,3,88,1,4,86,1,4,83
0,1,1,89,1,4,88,1,4,83
0,1,4,86,1,4,77,1,3,93
0,2,3,70,1,4,77,1,3,93
0,2,6,16,1,3,88,1,4,86
0,2,6,16,1,1,89,1,4,88
0,2,6,16,1,4,86,1,4,77
0,2,6,16,2,3,70,1,4,77
0,1,1,92,1,3,58,2,6,9
0,1,1,92,1,3,77,2,6,16
0,1,2,94,1,4,83,2,6,9
0,1,2,94,1,3,90,2,5,11
1,1,1,94,1,2,91,1,6,7
1,1,1,94,1,1,92,1,3,77
1,1,1,94,1,2,94,1,3,90
1,1,3,91,1,1,94,1,2,91
1,1,3,90,1,1,94,1,1,92
1,1,3,90,1,1,94,1,1,92
0,1,3,90,1,2,94,1,1,92
0,1,1,91,1,1,94,1,2,94
0,1,1,91,1,3,91,1,1,94
0,1,1,92,1,3,90,1,2,94
0,1,2,94,1,1,91,1,3,91
0,1,2,94,1,3,91,1,3,91
1,1,2,94,1,2,93,1,3,91
1,1,2,94,1,1,92,1,3,90
1,1,2,94,1,1,94,1,3,90
0,1,2,94,1,2,94,1,1,94
1,1,1,89,1,1,94,1,1,94
1,1,1,84,1,1,95,1,1,94
0,1,3,91,1,2,94,1,2,94
0,1,3,91,1,4,86,1,2,94
0,1,3,90,1,1,89,1,1,94
0,1,3,90,1,4,80,1,1,94
1,1,3,91,1,1,84,1,1,95
0,1,3,91,1,3,91,1,4,86
0,1,1,90,1,3,90,1,4,80
0,1,4,86,1,3,91,1,3,91
0,1,4,86,1,1,90,1,3,90
0,1,4,86,1,1,93,1,3,90
0,1,4,84,1,4,86,1,1,93
1,1,3,88,1,3,91,1,1,93
0,1,3,88,1,1,89,1,1,93
0,1,3,90,1,3,92,1,1,93
0,1,6,41,1,4,89,1,1,93
0,1,6,41,1,4,84,1,4,86
0,1,6,41,1,3,88,1,1,89
0,1,6,41,1,3,90,1,3,92
0,1,6,41,1,3,92,1,3,92
0,1,1,91,1,3,88,2,6,1
0,1,1,95,1,4,78,1,6,4
1,1,1,95,1,3,88,1,6,5
1,1,1,95,1,3,90,1,4,31
1,1,4,83,1,1,91,1,4,60
1,1,4,83,1,1,91,1,3,88
1,1,1,95,1,1,95,1,4,78
1,1,1,95,1,1,95,1,3,90
0,1,1,95,1,4,83,1,1,91
0,1,1,95,1,1,95,1,1,95
1,1,1,95,1,1,95,1,1,95
1,1,1,95,1,1,95,1,4,83
1,1,4,83,1,1,95,1,4,83
1,1,4,83,1,1,95,1,4,83
1,1,1,95,1,1,95,1,1,95
0,1,1,95,1,4,83,1,1,95
1,1,5,69,1,1,95,1,1,95
1,1,5,47,1,1,95,1,1,95
1,1,4,72,1,1,95,1,4,83
0,1,4,72,1,2,94,1,4,83
0,1,1,87,1,5,69,1,1,95
0,1,1,87,1,4,83,1,1,95
0,1,1,87,1,5,47,1,1,95
1,1,4,83,1,4,72,1,2,94
1,1,4,83,1,1,87,1,5,47
0,1,4,86,1,4,83,1,4,72
0,1,4,86,1,4,83,1,1,87
0,1,5,63,1,4,86,1,4,83
0,1,4,66,1,4,86,1,4,83
0,1,1,89,1,5,63,1,4,86
0,1,2,96,1,4,83,1,4,86
0,1,1,96,1,4,66,1,4,86
0,1,1,95,1,1,86,1,4,86
1,2,1,78,1,1,89,1,5,63
1,2,1,88,1,2,96,1,4,83
0,3,3,51,1,1,96,1,4,66
1,2,3,60,1,1,95,1,1,86
0,2,3,60,2,1,78,1,1,89
1,1,3,81,2,1,88,1,2,96
1,1,4,89,2,1,88,1,2,96
0,1,4,89,3,3,51,1,1,96
0,3,5,25,2,1,46,1,1,96
0,1,5,16,2,3,60,2,1,78
0,2,1,24,1,1,81,2,1,78
0,2,1,24,1,3,81,2,1,88
0,2,6,2,1,4,89,3,3,51
0,2,6,33,3,5,25,2,1,46
0,2,6,4,1,5,16,2,3,60
0,2,6,8,2,1,24,1,3,81
0,1,1,95,1,3,86,1,6,8
0,1,1,95,1,3,92,1,6,8
0,1,1,95,1,4,83,1,6,8
1,1,1,95,1,4,83,1,4,55
1,1,1,95,1,1,87,1,4,55
1,1,1,95,1,1,95,1,3,86
1,1,1,95,1,1,95,1,3,92
1,1,1,95,1,1,95,1,4,83
1,1,4,83,1,1,95,1,4,83
1,1,4,83,1,1,95,1,1,87
1,1,3,90,1,1,95,1,1,95
0,1,3,90,1,1,95,1,1,95
0,1,1,91,1,4,83,1,1,95
0,1,1,91,1,3,90,1,1,95
0,1,3,91,1,3,90,1,1,95
1,1,1,90,1,1,90,1,1,95
1,1,3,90,1,1,91,1,3,90
1,1,2,92,1,1,95,1,3,90
0,1,2,92,1,3,91,1,3,90
0,1,4,86,1,1,90,1,1,90
0,1,2,90,1,3,90,1,1,91
0,1,1,95,1,2,92,1,3,91
0,1,1,95,1,4,86,1,1,90
0,1,4,83,1,4,85,1,1,90
1,1,1,87,1,2,90,1,3,90
1,1,1,87,1,2,90,1,3,90
0,1,4,83,1,1,95,1,4,86
0,1,4,83,1,4,83,1,4,85
1,1,4,83,1,1,87,1,2,90
0,1,4,83,1,4,83,1,1,95
0,1,3,90,1,4,83,1,1,87
0,1,4,83,1,4,83,1,4,83
0,1,3,93,1,1,84,1,4,83
0,1,2,94,1,3,90,1,4,83
0,1,2,94,1,3,88,1,4,83
0,1,3,92,1,4,83,1,4,83
0,1,3,92,1,3,93,1,1,84
0,1,4,89,1,2,94,1,3,88
0,1,3,90,1,3,93,1,3,88
0,1,2,94,1,3,92,1,3,93
0,3,1,40,1,4,89,1,2,94
0,3,1,40,1,3,91,1,2,94
0,1,1,65,1,3,90,1,3,93
0,1,1,65,1,1,92,1,3,93
0,1,1,97,1,2,94,1,3,92
0,1,1,97,3,1,40,1,3,91
1,2,1,78,1,1,65,1,3,90
1,3,1,73,1,1,65,1,1,92
1,3,3,68,1,1,97,1,2,94
1,3,4,68,1,1,97,3,1,40
1,3,4,68,2,1,78,1,1,65
0,2,6,3,3,1,73,1,1,65
0,2,5,5,3,3,68,1,1,97
0,1,1,95,1,2,62,3,6,25
0,1,1,97,1,1,82,3,6,25
0,1,1,97,1,1,94,1,6,3
0,1,1,97,1,1,95,1,6,4
0,1,1,97,1,1,95,1,2,62
1,1,2,96,1,1,97,1,1,94
0,1,2,96,1,1,97,1,1,95
0,1,2,96,1,1,97,1,1,95
0,1,1,95,1,2,96,1,1,97
0,1,1,97,1,2,96,1,1,97
0,1,3,93,1,2,96,1,1,97
0,1,3,93,1,2,96,1,1,97
0,1,1,93,1,1,95,1,1,97
0,2,1,73,1,1,95,1,2,96
1,2,2,89,1,1,97,1,2,96
1,2,1,88,1,3,93,1,2,96
1,2,2,92,1,3,93,1,2,96
1,2,2,92,1,1,93,1,1,95
1,2,2,64,2,1,73,1,1,95
0,3,3,28,2,2,89,1,1,97
0,1,3,57,2,1,88,1,3,93
0,1,3,55,2,2,92,1,1,93
0,1,3,92,2,2,64,2,1,73
0,2,4,71,3,3,28,2,2,89
0,3,1,62,1,3,57,2,1,88
0,1,2,57,1,3,55,2,2,92
0,1,1,78,1,3,92,2,2,64
1,1,1,95,2,4,71,3,3,28
1,1,2,96,3,1,62,1,3,57
1,1,4,89,1,2,57,1,3,55
1,1,4,88,1,1,78,1,3,92
1,1,4,77,1,1,95,2,4,71
1,1,2,89,1,2,96,3,1,62
0,1,2,92,1,4,89,1,2,57
0,1,2,96,1,4,88,1,1,78
0,1,3,94,1,4,77,1,1,95
0,2,3,79,1,2,89,1,2,96
0,2,4,70,1,2,92,1,4,89
0,2,4,71,1,2,96,1,4,88
0,2,5,14,1,3,94,1,4,77
0,2,4,66,2,3,79,1,2,89
0,1,1,95,1,1,51,2,6,9
1,1,1,95,1,4,62,2,5,11
1,1,1,95,1,1,84,2,6,12
1,1,1,95,1,1,87,1,6,3
1,1,2,94,1,1,95,1,1,51
1,1,4,86,1,1,95,1,4,62
1,1,1,89,1,1,95,1,1,84
1,1,1,87,1,1,95,1,1,87
0,1,1,95,1,2,94,1,1,95
0,1,1,95,1,4,86,1,1,95
1,1,5,66,1,1,89,1,1,95
1,1,5,66,1,1,87,1,1,95
1,1,5,68,1,1,95,1,2,94
1,1,5,68,1,1,95,1,4,86
0,1,4,83,1,5,66,1,1,87
0,1,4,80,1,5,68,1,1,95
0,1,4,83,1,4,83,1,5,66
0,1,1,87,1,4,80,1,5,68
0,1,1,87,1,1,84,1,5,68
0,1,4,83,1,1,87,1,5,68
0,1,5,71,1,4,83,1,4,83
1,1,6,27,1,1,87,1,1,84
0,1,1,82,1,4,83,1,1,87
0,1,1,95,1,5,71,1,4,83
0,1,1,95,1,6,27,1,1,87
1,1,4,83,1,1,83,1,1,87
1,1,4,83,1,1,82,1,4,83
1,1,4,83,1,1,95,1,4,83
1,1,3,86,1,1,95,1,6,27
0,1,3,90,1,4,83,1,1,95
1,1,4,83,1,1,84,1,1,95
0,1,2,89,1,3,86,1,1,95
0,1,2,89,1,3,86,1,1,95
0,1,2,91,1,3,90,1,4,83
0,1,2,96,1,4,83,1,1,84
1,1,2,96,1,2,89,1,3,86
1,1,2,96,1,2,91,1,3,90
1,1,2,96,1,2,96,1,3,90
1,1,1,93,1,2,96,1,2,89
0,1,3,93,1,2,96,1,2,96
0,1,1,93,1,2,96,1,2,96
0,1,1,93,1,3,93,1,2,96
0,1,3,93,1,1,93,1,2,96
0,1,1,93,1,3,93,1,2,96
1,2,1,73,1,1,93,1,2,96
1,2,1,73,1,1,93,1,3,93
1,2,3,83,1,1,97,1,3,93
0,3,2,83,1,3,93,1,1,93
0,2,1,49,1,1,93,1,3,93
0,1,1,84,2,1,73,1,1,93
0,3,3,20,2,3,83,1,1,97
0,1,1,61,3,2,83,1,3,93
0,1,3,5,2,1,49,1,1,93
0,2,6,3,1,1,84,2,1,73
0,1,6,1,3,3,20,2,3,83
0,1,6,1,1,1,61,3,2,83
0,1,1,87,1,3,76,1,6,5
0,1,4,83,1,4,60,1,5,21
0,1,1,84,1,4,80,1,6,9
1,1,1,87,1,1,89,1,6,27
1,1,1,95,1,1,87,1,3,76
0,1,4,83,1,4,83,1,4,60
1,1,3,91,1,1,84,1,4,80
1,1,3,91,1,1,87,1,1,89
1,1,3,91,1,1,95,1,1,87
0,1,1,91,1,4,83,1,4,83
0,1,1,91,1,4,83,1,4,83
1,1,4,83,1,3,91,1,1,95
1,1,4,83,1,1,91,1,4,83
0,1,3,86,1,4,83,1,3,91
0,1,3,90,1,4,83,1,1,91
0,1,1,95,1,3,86,1,4,83
0,1,1,95,1,3,92,1,4,83
0,1,1,95,1,1,91,1,4,83
0,1,5,66,1,3,90,1,4,83
1,1,5,66,1,3,90,1,4,83
1,1,4,72,1,1,95,1,3,92
1,1,3,86,1,1,95,1,1,91
0,1,4,83,1,4,72,1,1,95
0,1,4,80,1,3,86,1,1,95
0,1,4,83,1,4,83,1,4,72
0,1,4,83,1,4,80,1,3,86
0,1,4,86,1,2,89,1,3,86
0,1,4,88,1,4,83,1,4,80
0,1,1,97,1,4,86,1,2,89
1,1,4,86,1,4,88,1,4,83
1,1,1,85,1,1,86,1,4,83
1,1,1,89,1,1,89,1,4,83
1,1,4,86,1,1,97,1,4,86
0,2,1,55,1,4,86,1,4,88
0,2,4,75,1,1,85,1,1,86
0,3,1,64,1,1,89,1,1,89
0,2,1,35,1,4,86,1,1,97
0,2,3,37,2,1,55,1,4,86
1,1,6,45,2,4,75,1,1,85
1,3,6,2,3,1,64,1,1,89
1,1,4,5,1,1,56,1,1,89
0,1,6,4,2,1,35,1,4,86
0,1,6,0,2,3,37,2,1,55
0,2,5,51,1,6,45,2,4,75
0,1,3,86,1,1,75,1,6,9
0,1,1,90,1,2,84,1,6,8
0,1,1,91,1,3,92,1,6,16
0,1,1,95,1,4,86,1,5,44
0,1,1,95,1,3,86,1,1,75
0,1,1,95,1,1,90,1,2,84
1,1,3,91,1,1,91,1,3,92
1,1,2,93,1,1,95,1,4,86
1,1,2,93,1,1,95,1,3,86
1,1,1,93,1,1,95,1,1,90
1,1,1,93,1,1,95,1,1,90
0,1,1,95,1,3,91,1,1,91
0,1,1,95,1,2,93,1,1,95
0,1,1,95,1,2,93,1,1,95
1,1,1,95,1,1,93,1,1,95
1,1,3,91,1,1,95,1,2,93
1,1,3,91,1,1,95,1,2,93
1,1,3,91,1,1,95,1,1,93
1,1,2,93,1,3,91,1,1,95
0,1,1,95,1,3,91,1,1,95
0,1,1,95,1,2,93,1,3,91
0,1,1,95,1,1,92,1,3,91
1,1,1,95,1,1,94,1,3,91
1,1,3,91,1,1,95,1,3,91
1,1,3,91,1,1,95,1,3,91
1,1,3,91,1,1,95,1,2,93
1,1,3,90,1,1,95,1,1,94
1,1,1,90,1,1,95,1,1,94
0,1,1,95,1,3,91,1,1,95
0,1,3,91,1,3,90,1,1,95
0,1,3,91,1,1,90,1,1,95
0,1,1,95,1,1,95,1,3,91
0,1,2,96,1,3,91,1,1,90
1,1,2,96,1,1,95,1,1,95
1,1,3,93,1,2,96,1,3,91
0,1,2,96,1,2,96,1,1,95
0,1,2,96,1,3,93,1,2,96
0,1,1,96,1,1,93,1,2,96
0,2,2,79,1,1,93,1,2,96
0,3,3,80,1,1,93,1,2,96
0,3,1,53,1,2,96,1,3,93
1,1,4,44,1,1,96,1,1,93
0,1,2,91,2,2,79,1,1,93
0,3,4,58,3,3,80,1,1,93
0,2,1,41,3,1,53,1,2,96
0,2,1,41,1,3,61,1,2,96
0,3,1,24,1,4,44,1,1,96
1,3,2,25,1,2,91,2,2,79
0,3,2,87,2,1,42,2,2,79
0,3,2,87,3,4,58,3,3,80
0,1,6,3,2,1,41,1,3,61
0,4,6,24,3,1,24,1,4,44
0,4,6,24,3,2,25,1,2,91
0,4,1,22,3,2,87,3,4,58
0,1,1,95,1,1,83,1,6,16
1,1,1,95,1,1,82,4,6,13
1,1,1,95,1,1,95,1,5,7
1,1,1,95,1,1,95,1,6,7
1,1,3,91,1,1,95,1,6,7
1,1,3,91,1,1,95,1,1,83
1,1,1,91,1,1,95,1,1,95
0,1,4,83,1,3,91,1,1,95
0,1,4,83,1,3,92,1,1,95
0,1,1,84,1,1,91,1,1,95
0,1,1,87,1,1,91,1,1,95
0,1,3,91,1,4,83,1,3,92
1,1,4,83,1,1,84,1,1,91
0,1,4,83,1,1,87,1,1,91
0,1,2,90,1,3,91,1,4,83
0,1,1,95,1,4,83,1,1,87
0,1,5,66,1,2,90,1,3,91
0,1,5,66,1,1,94,1,3,91
0,1,5,66,1,1,95,1,4,83
1,1,4,83,1,5,66,1,1,95
0,1,4,88,1,5,70,1,1,95
0,1,4,77,1,4,83,1,5,66
1,1,4,77,1,1,81,1,5,66
0,2,4,43,1,4,82,1,5,66
0,1,4,33,1,4,88,1,5,70
0,1,4,23,1,4,77,1,4,83
0,2,4,67,1,4,77,1,1,81
0,2,4,80,2,4,43,1,4,82
0,2,4,80,1,4,33,1,4,88
0,2,3,39,1,4,23,1,4,77
0,2,6,5,2,4,67,1,4,77
0,2,5,17,2,4,80,2,4,43
0,2,6,2,2,4,80,1,4,33
0,2,6,2,2,3,39,1,4,23
0,1,4,83,1,3,86,1,6,8
0,1,1,84,1,4,87,1,3,69
0,1,4,80,1,4,87,1,3,69
1,1,2,89,1,1,87,1,6,30
0,1,3,87,1,4,83,1,3,86
0,1,1,91,1,1,84,1,4,87
0,1,1,91,1,4,80,1,4,87
1,1,1,95,1,2,89,1,1,87
0,1,1,95,1,3,87,1,4,83
1,1,3,91,1,1,91,1,4,80
1,1,3,91,1,1,95,1,2,89
1,1,3,91,1,1,95,1,3,87
0,1,3,91,1,3,91,1,1,95
0,1,1,91,1,3,91,1,1,95
1,1,4,87,1,3,91,1,3,91
1,1,4,80,1,1,91,1,3,91
0,1,4,87,1,3,91,1,3,91
0,1,1,95,1,4,87,1,3,91
0,1,1,95,1,1,90,1,3,91
0,1,1,95,1,4,80,1,1,91
0,1,1,95,1,4,87,1,3,91
1,1,4,82,1,1,95,1,4,87
0,1,1,97,1,4,83,1,4,87
0,1,1,97,1,4,82,1,1,95
1,1,3,93,1,1,97,1,4,82
0,2,3,78,1,2,96,1,4,82
0,2,3,90,1,3,93,1,1,97
0,2,3,45,1,3,94,1,1,97
0,2,1,79,1,2,94,1,1,97
0,2,4,64,2,3,78,1,2,96
0,2,1,66,2,3,90,1,3,93
0,2,3,81,2,3,45,1,3,94
0,2,3,81,2,1,79,1,2,94
0,2,4,58,2,3,75,1,2,94
0,1,6,3,2,4,64,2,3,78
0,2,6,2,2,1,66,2,3,90
0,2,6,2,2,3,81,2,1,79
0,1,6,4,2,4,58,2,3,75
0,1,3,88,1,4,68,1,6,3
0,1,1,91,1,4,76,1,4,55
0,1,1,91,1,4,76,1,5,38
0,1,3,91,1,4,76,1,6,37
1,1,1,90,1,3,88,1,4,68
1,1,3,91,1,1,91,1,4,76
0,1,3,91,1,3,91,1,4,76
0,1,1,95,1,1,90,1,3,88
0,1,3,91,1,3,91,1,3,91
0,1,4,83,1,1,95,1,1,90
0,1,5,63,1,3,91,1,3,91
0,1,4,72,1,4,83,1,1,95
0,1,1,84,1,2,89,1,1,95
1,1,5,66,1,5,63,1,3,91
1,1,5,66,1,1,84,1,3,91
1,1,1,82,1,4,72,1,4,83
1,1,4,83,1,1,84,1,2,89
0,1,3,88,1,5,66,1,1,84
0,1,5,68,1,1,82,1,4,72
0,1,5,58,1,4,83,1,1,84
0,1,5,58,1,3,90,1,1,84
0,1,5,58,1,3,88,1,5,66
0,1,5,58,1,5,68,1,1,82
0,1,1,89,1,5,58,1,3,88
0,1,2,96,1,5,58,1,5,68
0,2,1,77,1,4,75,1,5,68
1,2,4,62,1,1,89,1,5,58
1,1,4,33,1,2,96,1,5,58
1,1,4,33,2,1,77,1,4,75
1,1,4,23,2,1,87,1,4,75
0,1,5,59,2,4,62,1,1,89
0,2,5,43,3,4,27,1,1,89
0,2,4,66,1,4,33,2,1,77
0,2,1,59,1,4,23,2,1,87
0,2,1,59,1,5,59,2,4,62
0,3,4,22,2,5,43,3,4,27
0,3,1,45,2,5,43,3,4,27
0,3,3,38,2,4,66,1,4,33
0,3,4,66,2,1,59,1,5,59
1,3,6,3,3,4,22,2,5,43
1,3,5,17,3,1,45,2,5,43
0,3,6,2,3,3,38,2,4,66
0,1,6,1,3,4,66,2,1,59
0,1,3,86,1,3,77,1,6,10
0,1,1,90,1,4,60,1,6,10
0,1,4,83,1,4,80,1,5,51
0,1,3,90,1,4,80,1,5,36
0,1,1,90,1,4,76,1,5,36
0,1,1,90,1,1,89,1,6,12
0,1,4,83,1,3,86,1,3,77
0,1,4,83,1,1,90,1,4,60
0,1,4,87,1,4,83,1,4,80
0,1,2,90,1,3,90,1,4,80
0,1,1,91,1,1,90,1,1,89
0,1,1,95,1,4,83,1,1,90
0,1,1,95,1,4,87,1,4,83
0,1,1,95,1,2,90,1,3,90
0,1,1,95,1,1,91,1,1,90
0,1,4,83,1,1,91,1,1,90
0,1,2,94,1,1,95,1,4,83
0,1,2,94,1,1,95,1,1,91
0,1,3,91,1,4,83,1,1,91
0,1,1,91,1,2,94,1,1,95
0,1,2,94,1,3,91,1,4,83
0,1,1,94,1,1,91,1,2,94
0,1,1,94,1,1,95,1,2,94
0,1,1,94,1,1,95,1,2,94
0,1,1,95,1,1,95,1,2,94
0,1,4,83,1,2,94,1,3,91
0,1,4,83,1,1,94,1,1,95
0,1,4,83,1,1,95,1,1,95
0,1,4,83,1,4,83,1,2,94
0,1,1,87,1,2,90,1,2,94
0,1,2,94,1,4,83,1,4,83
0,1,3,91,1,1,87,1,2,90
0,1,3,93,1,2,94,1,4,83
0,1,4,86,1,3,91,1,1,87
0,1,1,89,1,3,93,1,2,94
0,1,1,97,1,4,86,1,3,91
0,1,4,89,1,1,89,1,3,93
0,1,4,89,1,1,97,1,3,93
0,1,4,84,1,1,97,1,3,93
0,2,4,67,1,1,97,1,4,86
0,3,4,71,1,3,93,1,4,86
0,3,1,73,1,4,89,1,1,97
0,3,6,17,1,4,84,1,1,97
0,3,5,50,2,4,67,1,1,97
0,1,6,1,3,4,71,1,3,93
0,3,6,1,3,3,75,1,3,93
0,2,4,62,3,1,73,1,4,89
0,1,3,92,1,1,77,1,6,4
0,1,2,93,1,4,62,1,5,15
1,1,2,93,1,1,84,1,6,27
1,1,1,93,1,2,90,1,6,28
1,1,4,84,1,3,92,1,1,77
1,1,1,84,1,2,93,1,4,62
0,1,3,86,1,2,93,1,1,84
0,1,3,91,1,1,93,1,2,90
1,1,3,91,1,4,84,1,3,92
1,1,3,91,1,1,84,1,2,93
1,1,3,91,1,3,86,1,2,93
1,1,3,91,1,1,90,1,2,93
0,1,1,90,1,3,91,1,1,90
0,1,4,86,1,3,91,1,1,90
0,1,4,85,1,1,90,1,3,91
1,1,4,80,1,1,91,1,3,91
1,1,4,80,1,2,94,1,3,91
0,1,4,80,1,4,86,1,3,91
0,1,1,84,1,4,85,1,1,90
0,1,3,91,1,4,80,1,1,91
0,2,1,94,1,4,80,1,4,86
1,2,1,94,1,1,84,1,4,85
1,2,1,94,1,1,87,1,4,85
0,2,1,94,1,3,91,1,4,80
0,2,6,41,2,1,94,1,3,91
0,1,2,93,1,3,86,1,6,4
1,1,1,92,1,1,90,1,4,55
1,1,1,94,1,1,91,1,4,60
0,1,1,95,1,3,91,1,4,60
0,1,2,94,1,2,93,1,3,86
0,1,2,94,1,1,92,1,1,90
1,1,1,94,1,1,94,1,1,91
1,1,3,91,1,1,95,1,3,91
1,1,2,94,1,2,94,1,1,92
0,1,2,94,1,1,94,1,1,94
0,1,4,83,1,3,91,1,1,95
0,1,4,83,1,1,90,1,1,95
1,1,1,89,1,2,94,1,1,94
0,1,4,83,1,4,83,1,1,90
0,1,1,84,1,4,87,1,1,90
1,1,1,87,1,1,89,1,2,94
1,1,1,87,1,1,87,1,2,94
0,1,1,95,1,1,95,1,2,94
0,1,1,95,1,4,83,1,4,83
1,1,2,94,1,1,84,1,4,87
1,1,4,84,1,1,87,1,1,87
1,1,4,84,1,1,95,1,1,95
1,1,2,94,1,1,95,1,4,83
0,1,2,94,1,2,94,1,1,84
0,1,1,93,1,4,84,1,1,95
0,1,4,86,1,2,94,1,2,94
1,1,4,86,1,2,95,1,2,94
1,1,4,86,1,1,93,1,4,84
1,1,4,86,1,1,94,1,4,84
0,2,4,52,1,4,86,1,1,93
0,2,1,71,1,4,86,1,1,94
0,1,4,74,2,4,52,1,4,86
0,1,4,77,2,1,71,1,4,86
0,2,5,46,1,4,74,2,4,52
0,2,4,70,1,4,52,2,4,52
0,2,4,55,1,4,77,2,1,71
0,3,6,3,2,3,76,2,4,34
0,4,6,3,2,5,46,1,4,74
0,5,3,50,2,4,70,1,4,52
0,5,2,29,2,4,55,1,4,77
0,1,4,72,1,3,76,1,6,12
1,1,2,89,1,2,91,1,6,22
0,1,1,94,1,5,66,1,6,16
0,1,1,94,1,5,66,1,6,38
0,1,4,83,1,4,72,1,3,76
1,1,4,87,1,2,89,1,2,91
1,1,1,89,1,1,94,1,5,66
0,1,3,91,1,4,83,1,4,72
0,1,3,91,1,4,87,1,2,89
1,1,4,87,1,1,89,1,2,89
1,1,5,66,1,1,89,1,1,94
1,1,5,54,1,3,91,1,4,87
0,1,5,54,1,4,87,1,1,89
0,1,4,83,1,5,66,1,1,89
0,1,3,87,1,5,54,1,4,87
0,1,1,95,1,4,83,1,5,66
0,1,5,66,1,5,71,1,5,66
1,1,5,66,1,3,87,1,5,54
1,1,4,83,1,1,89,1,5,54
1,1,4,83,1,1,91,1,5,54
1,1,4,83,1,1,95,1,4,83
0,1,1,89,1,5,66,1,3,87
0,1,4,83,1,4,83,1,1,95
0,1,4,86,1,4,87,1,1,95
1,1,4,86,1,1,89,1,5,66
0,1,5,59,1,4,83,1,4,83
0,1,4,66,1,4,86,1,1,89
0,1,4,77,1,6,44,1,1,89
0,2,1,71,1,5,59,1,4,83
0,2,1,71,1,5,53,1,4,83
0,3,1,85,1,4,61,1,4,83
0,3,1,85,1,4,66,1,4,86
0,1,1,76,1,4,77,1,6,44
0,1,4,88,2,1,71,1,5,53
1,1,4,88,3,1,85,1,4,66
1,1,4,38,1,1,76,1,4,77
0,2,6,8,1,4,50,1,4,77
0,2,6,8,1,4,88,2,1,71
0,3,6,3,1,4,88,3,1,85
0,3,6,2,2,6,34,3,1,85
0,3,6,3,1,4,38,1,1,76
0,1,1,95,1,4,75,1,5,43
0,1,1,95,1,2,82,1,6,12
1,1,4,83,1,3,87,1,6,11
1,1,1,87,1,1,92,1,6,21
1,1,1,87,1,1,92,1,6,31
1,1,3,91,1,1,95,1,2,82
0,1,1,91,1,4,83,1,3,87
0,1,3,91,1,1,87,1,1,92
0,1,1,95,1,3,91,1,1,95
1,1,1,95,1,1,90,1,1,95
1,1,1,95,1,1,91,1,4,83
0,1,1,95,1,3,91,1,1,87
0,1,4,83,1,1,95,1,1,90
1,1,3,86,1,1,95,1,3,91
1,1,4,87,1,1,95,1,3,91
0,1,1,90,1,4,83,1,1,95
0,1,1,87,1,4,83,1,1,95
0,1,4,83,1,3,86,1,1,95
0,1,4,83,1,4,87,1,1,95
1,1,3,91,1,1,90,1,4,83
1,1,3,91,1,1,87,1,4,83
0,1,1,90,1,4,83,1,4,87
0,1,4,83,1,3,91,1,1,87
0,1,4,83,1,1,90,1,4,83
0,1,4,83,1,1,91,1,4,83
0,1,4,83,1,4,83,1,4,83
1,1,4,82,1,4,87,1,4,83
1,1,4,82,1,1,89,1,4,83
0,1,2,92,1,4,83,1,1,91
1,1,2,92,1,4,83,1,4,83
1,1,4,86,1,4,82,1,4,87
1,1,4,86,1,4,82,1,1,89
0,1,4,86,1,4,82,1,1,89
0,1,3,93,1,2,92,1,4,83
0,1,2,56,1,4,86,1,4,82
0,2,3,44,1,3,93,1,2,92
0,2,4,39,2,4,64,1,2,92
0,2,4,39,1,2,56,1,4,86
0,3,2,80,2,4,39,1,4,86
0,3,3,76,2,1,80,1,4,86
0,2,1,49,2,3,44,1,3,93
0,3,2,37,2,4,39,1,2,56
1,3,4,19,3,2,80,2,4,39
1,1,4,35,3,3,76,2,1,80
0,2,1,38,2,1,49,2,3,44
0,2,6,2,3,2,37,2,4,39
0,1,6,2,3,4,19,3,2,80
0,3,6,1,1,4,35,3,3,76
0,5,6,12,2,1,38,2,1,49
0,1,1,91,1,2,78,1,6,16
0,1,1,95,1,1,82,1,6,8
1,1,1,95,1,3,91,1,6,12
1,1,1,95,1,3,91,1,6,17
1,1,1,95,1,1,91,1,2,78
1,1,3,91,1,1,95,1,1,82
1,1,1,90,1,1,95,1,3,91
0,1,4,83,1,1,95,1,3,91
0,1,4,87,1,1,95,1,1,91
0,1,1,89,1,3,91,1,1,95
0,1,3,86,1,1,90,1,1,95
0,1,1,90,1,4,83,1,1,95
0,1,3,90,1,4,87,1,1,95
1,1,4,87,1,1,89,1,3,91
1,1,4,87,1,3,86,1,1,90
1,1,3,86,1,1,90,1,4,83
1,1,4,83,1,3,90,1,4,87
0,1,1,84,1,4,87,1,1,89
0,1,1,87,1,4,87,1,3,86
0,1,1,87,1,3,86,1,1,90
1,1,1,95,1,4,83,1,3,90
1,1,1,95,1,1,84,1,4,87
0,1,2,94,1,1,87,1,4,87
0,1,2,94,1,1,87,1,3,86
0,1,3,91,1,1,95,1,4,83
0,1,3,91,1,1,95,1,1,84
0,1,2,94,1,2,94,1,1,87
0,1,3,91,1,3,91,1,1,95
1,1,3,91,1,2,94,1,2,94
1,1,2,94,1,2,94,1,2,94
1,1,3,93,1,3,91,1,2,94
1,1,3,93,1,2,94,1,2,94
0,1,1,97,1,3,93,1,3,91
0,1,1,97,1,3,93,1,2,94
0,1,4,86,1,1,93,1,2,94
1,1,4,86,1,1,97,1,3,93
0,1,1,86,1,1,97,1,3,93
0,1,5,73,1,4,86,1,1,97
0,2,5,42,1,4,88,1,1,97
0,3,4,65,1,1,86,1,1,97
1,3,3,68,1,2,92,1,1,97
0,1,6,3,1,5,73,1,4,86
0,2,6,3,2,5,42,1,4,88
0,3,6,13,3,4,65,1,1,86
0,3,1,57,3,3,68,1,2,92
0,1,1,95,1,1,83,1,5,55
0,1,4,83,1,1,87,1,6,15
0,1,3,90,1,1,95,1,6,11
0,1,3,88,1,1,95,1,6,8
0,1,4,83,1,1,95,1,4,55
0,1,3,90,1,1,95,1,1,83
0,1,4,78,1,4,83,1,1,87
0,1,4,78,1,3,90,1,1,95
0,1,3,90,1,3,88,1,1,95
0,1,3,88,1,4,83,1,1,95
0,1,3,90,1,3,90,1,1,95
0,1,3,90,1,4,78,1,3,90
1,1,3,90,1,3,90,1,3,88
0,1,3,90,1,3,88,1,4,83
0,1,3,90,1,3,90,1,3,90
0,1,3,90,1,3,90,1,4,78
0,1,3,90,1,3,90,1,3,90
1,1,1,90,1,3,90,1,3,88
1,1,4,83,1,3,90,1,3,90
1,1,4,83,1,3,90,1,3,90
1,1,4,83,1,3,90,1,3,90
1,1,4,80,1,1,90,1,3,90
0,1,5,66,1,4,83,1,3,90
0,1,5,66,1,4,80,1,1,90
0,1,4,83,1,4,83,1,1,90
0,1,1,87,1,5,66,1,4,80
0,1,1,95,1,4,83,1,4,83
0,1,4,83,1,1,87,1,5,66
1,1,4,83,1,1,95,1,4,83
0,1,1,84,1,4,83,1,1,87
0,1,4,86,1,4,83,1,1,95
0,1,4,86,1,1,84,1,4,83
0,1,4,86,1,3,93,1,4,83
0,1,4,86,1,4,86,1,1,84
0,1,4,86,1,4,88,1,1,84
0,1,1,85,1,4,86,1,4,88
0,2,4,37,1,4,86,1,4,88
0,2,4,37,1,1,85,1,4,86
0,1,3,5,2,3,72,1,4,86
0,2,6,3,3,3,61,1,4,86
0,3,6,20,2,2,44,1,4,86
0,1,6,4,2,4,37,1,1,85
0,3,4,44,1,4,68,1,1,85
0,1,1,95,1,4,78,1,6,27
0,1,1,95,1,4,68,1,6,19
1,1,1,95,1,1,89,1,2,78
1,1,1,95,1,1,87,1,3,76
1,1,1,95,1,1,95,1,4,78
1,1,5,66,1,1,95,1,4,68
1,1,4,82,1,1,95,1,1,89
1,1,1,86,1,1,95,1,1,87
1,1,1,90,1,1,95,1,1,95
0,1,2,92,1,5,66,1,1,95
0,1,1,94,1,4,82,1,1,95
0,1,1,94,1,1,86,1,1,95
0,1,2,94,1,3,86,1,1,95
0,1,2,94,1,1,90,1,1,95
0,1,3,91,1,2,92,1,5,66
0,1,2,94,1,1,94,1,1,86
0,1,4,83,1,2,94,1,1,90
0,1,4,83,1,3,91,1,2,92
0,1,1,84,1,2,94,1,1,94
0,1,1,95,1,4,83,1,3,91
1,1,2,94,1,1,84,1,2,94
1,1,1,94,1,1,87,1,2,94
1,1,1,94,1,1,95,1,4,83
1,1,1,94,1,1,95,1,4,83
0,1,3,86,1,2,94,1,1,84
0,1,3,86,1,1,94,1,1,87
0,1,2,92,1,1,94,1,1,95
0,1,2,94,1,4,83,1,1,95
0,1,3,91,1,3,86,1,1,94
0,1,3,91,1,2,92,1,1,94
0,1,4,83,1,2,94,1,4,83
0,1,4,80,1,3,91,1,2,92
0,1,4,82,1,4,83,1,2,94
0,1,1,89,1,4,80,1,3,91
0,1,2,96,1,4,87,1,3,91
0,1,2,96,1,2,89,1,3,91
0,1,2,96,1,4,82,1,4,83
1,1,2,96,1,1,89,1,4,83
1,1,4,89,1,1,89,1,4,80
1,1,4,82,1,2,96,1,4,82
1,1,4,88,1,2,96,1,1,89
0,1,5,63,1,4,89,1,1,89
0,2,1,75,1,4,82,1,2,96
0,3,3,65,1,4,88,1,2,96
0,1,4,29,1,5,63,1,4,89
0,1,1,48,2,4,58,1,4,89
0,1,4,82,2,1,75,1,4,82
0,1,6,3,3,3,65,1,4,88
0,2,6,5,3,4,65,1,4,88
0,3,6,16,1,4,29,1,5,63
0,3,6,23,1,1,48,2,4,58
0,3,4,46,1,4,82,2,1,75
0,1,4,83,1,3,74,1,6,27
0,1,4,80,1,1,90,1,6,19
0,1,2,89,1,2,92,1,6,8
0,1,1,91,1,5,69,1,6,16
0,1,4,84,1,4,83,1,3,74
0,1,1,84,1,1,86,1,3,74
0,1,1,87,1,4,80,1,1,90
0,1,1,95,1,2,89,1,2,92
0,1,1,95,1,1,91,1,5,69
0,1,1,95,1,4,84,1,4,83
1,1,5,66,1,1,84,1,1,86
1,1,5,66,1,1,87,1,4,80
1,1,5,66,1,1,95,1,2,89
1,1,4,67,1,1,95,1,4,84
0,1,4,80,1,5,66,1,1,95
0,1,4,87,1,5,68,1,1,95
0,1,4,80,1,4,67,1,1,95
1,1,4,80,1,4,67,1,1,95
0,1,4,83,1,4,80,1,5,66
0,1,4,83,1,4,87,1,5,68
0,1,4,80,1,4,80,1,4,67
0,1,3,91,1,4,83,1,4,87
0,1,3,91,1,4,87,1,4,87
0,1,2,92,1,4,80,1,4,80
0,1,3,91,1,3,91,1,4,87
0,1,3,91,1,1,90,1,4,87
0,1,3,91,1,2,92,1,4,80
0,1,2,93,1,3,92,1,4,80
0,1,4,84,1,3,92,1,4,80
0,1,3,93,1,3,91,1,2,92
0,1,3,93,1,2,93,1,3,92
0,1,4,86,1,4,84,1,3,92
0,1,3,93,1,3,93,1,2,93
0,1,4,86,1,4,86,1,4,84
0,1,1,85,1,3,93,1,3,93
0,1,3,93,1,4,86,1,4,86
0,3,4,31,1,1,85,1,3,93
0,1,4,21,1,1,85,1,3,93
0,1,4,23,1,2,96,1,3,93
0,1,6,5,1,3,93,1,4,86
0,1,5,62,3,4,34,1,4,86
0,1,6,19,3,4,31,1,1,85
0,1,6,14,1,4,21,1,1,85
0,1,6,14,1,4,23,1,2,96
0,1,1,94,1,4,75,1,5,36
0,1,4,83,1,1,83,1,1,83
1,1,1,84,1,2,90,1,6,16
1,1,3,86,1,1,94,1,6,14
1,1,3,92,1,1,94,1,4,75
0,1,1,91,1,4,83,1,1,83
1,1,4,86,1,1,84,1,2,90
1,1,1,89,1,3,86,1,1,94
0,1,1,89,1,3,92,1,1,94
0,1,1,87,1,1,91,1,4,83
0,1,2,94,1,2,92,1,4,83
0,1,1,94,1,4,86,1,1,84
1,1,1,94,1,1,89,1,3,92
0,1,3,91,1,1,87,1,1,91
1,1,2,92,1,2,94,1,2,92
1,1,2,92,1,1,94,1,4,86
1,1,2,94,1,1,94,1,1,89
0,1,2,94,1,3,91,1,1,87
0,1,3,92,1,3,92,1,1,87
0,1,1,92,1,2,92,1,1,94
1,1,4,83,1,2,94,1,3,91
0,1,4,83,1,3,92,1,3,92
0,1,4,83,1,1,92,1,2,92
1,1,1,84,1,4,83,1,2,94
0,1,3,91,1,4,83,1,1,92
0,1,3,91,1,1,84,1,4,83
0,1,4,83,1,3,86,1,4,83
0,1,4,83,1,2,93,1,4,83
0,1,4,83,1,2,93,1,4,83
0,1,1,91,1,3,91,1,1,84
1,1,4,86,1,4,83,1,2,93
1,1,4,86,1,2,89,1,2,93
1,1,4,88,1,1,91,1,2,93
1,1,3,88,1,1,91,1,3,91
1,1,4,81,1,1,97,1,3,91
0,1,5,70,1,4,86,1,2,89
0,1,5,70,1,4,88,1,1,91
0,1,4,86,1,3,88,1,1,91
0,1,4,86,1,4,81,1,1,97
0,1,4,86,1,5,70,1,4,88
0,2,4,78,1,4,86,1,4,81
0,3,4,62,1,4,86,1,5,70
0,3,6,13,2,2,68,1,5,70
0,1,6,4,2,4,78,1,4,86
0,2,6,3,3,3,66,1,4,86
0,2,6,2,3,4,62,1,4,86
0,2,1,93,2,3,63,2,6,5
1,2,1,93,2,2,90,2,6,1
1,2,1,93,2,2,88,2,6,3
1,2,1,93,2,3,87,2,6,3
1,2,1,93,2,1,88,2,6,2
1,2,2,91,2,1,85,2,6,4
1,2,1,91,2,1,93,2,3,63
1,2,1,90,2,1,93,2,2,90
1,2,1,93,2,1,93,2,2,88
1,2,1,5,2,1,93,2,3,87
1,2,1,5,2,1,93,2,1,88
1,2,1,93,2,2,91,2,1,85
1,2,1,93,2,1,91,2,1,93
1,2,1,93,2,1,90,2,1,93
1,2,1,93,2,1,93,2,1,93
0,2,1,93,2,1,5,2,1,93
0,2,1,93,2,1,5,2,1,93
1,2,3,84,2,1,93,2,2,91
1,2,3,84,2,1,93,2,1,91
0,2,1,87,2,1,93,2,1,90
0,2,1,87,2,1,93,2,1,93
0,2,2,86,2,1,93,2,1,5
0,2,1,91,2,1,93,2,1,5
0,2,1,90,2,3,84,2,1,93
0,2,1,93,2,1,87,2,1,93
0,2,1,93,2,2,86,2,1,93
0,2,3,84,2,1,91,2,1,93
0,2,1,87,2,1,90,2,3,84
1,2,2,86,2,1,93,2,1,87
1,2,4,79,2,1,93,2,2,86
0,2,1,85,2,3,84,2,1,91
0,2,1,79,2,1,87,2,1,90
0,2,4,74,2,2,86,2,1,93
0,2,1,80,2,4,79,2,1,93
0,2,1,79,2,1,85,2,3,84
0,2,1,93,2,1,79,2,1,87
0,2,1,93,2,4,74,2,2,86
0,2,2,91,2,1,80,2,4,79
0,2,1,91,2,1,79,2,1,85
0,2,1,90,2,1,93,2,1,79
0,2,1,93,2,1,93,2,4,74
0,2,1,93,2,2,91,2,1,80
0,2,1,93,2,1,91,2,1,79
0,2,1,93,2,1,90,2,1,93
0,2,1,93,2,1,93,2,1,93
1,2,1,93,2,1,93,2,2,91
1,2,4,74,2,1,93,2,1,91
1,2,2,87,2,1,93,2,1,90
1,2,1,83,2,1,93,2,1,93
0,2,2,92,2,1,93,2,1,93
0,2,4,59,2,4,74,2,1,93
0,6,6,10,2,2,87,2,1,93
0,2,6,15,2,1,83,2,1,93
0,2,6,15,2,2,92,2,1,93
1,1,1,95,1,1,95,1,1,95
1,1,1,95,1,1,95,1,1,95
0,1,1,5,1,1,95,1,1,95
0,1,1,5,1,1,95,1,1,95
0,1,1,95,1,1,95,1,1,95
0,1,1,95,1,1,95,1,1,95
0,1,1,95,1,1,95,1,1,95
0,1,1,95,1,1,5,1,1,95
0,1,1,95,1,1,5,1,1,95
0,1,1,95,1,1,95,1,1,95
0,1,1,95,1,1,95,1,1,95
0,1,1,95,1,1,95,1,1,95
0,1,1,95,1,1,95,1,1,95
0,1,1,95,1,1,95,1,1,5
0,1,1,95,1,1,95,1,1,5
0,1,1,95,1,1,95,1,1,95
0,1,4,83,1,1,95,1,1,95
0,1,1,84,1,1,95,1,1,95
0,1,1,87,1,1,95,1,1,95
0,1,2,94,1,1,95,1,1,95
0,1,1,94,1,4,83,1,1,95
0,1,1,94,1,1,84,1,1,95
0,1,1,95,1,1,87,1,1,95
0,1,1,95,1,2,94,1,1,95
0,1,1,95,1,1,94,1,4,83
0,1,1,95,1,1,94,1,1,84
1,1,1,95,1,1,95,1,1,87
1,1,2,94,1,1,95,1,2,94
1,1,3,92,1,1,95,1,1,94
1,1,2,93,1,1,95,1,1,94
0,1,1,92,1,1,95,1,1,95
0,1,1,94,1,2,94,1,1,95
0,1,1,95,1,3,92,1,1,95
0,1,6,37,1,2,93,1,1,95
0,1,6,37,1,1,92,1,1,95
0,1,1,74,1,1,94,1,2,94
0,1,1,95,1,1,95,1,3,92
0,1,1,94,1,6,37,1,1,92
0,1,2,94,1,1,77,1,1,92
0,1,1,96,1,1,74,1,1,94
0,1,1,95,1,1,95,1,1,95
0,1,2,96,1,2,94,1,1,95
0,1,2,96,1,1,94,1,6,37
0,1,6,44,1,1,94,1,6,37
0,1,6,22,1,2,94,1,1,77
0,1,6,14,1,1,96,1,1,74
0,1,6,19,1,1,95,1,1,95
0,2,6,28,1,2,96,1,1,94
0,1,1,94,1,2,78,2,6,13
0,1,1,95,1,2,81,6,6,1
1,1,1,95,1,1,93,1,6,3
1,1,4,83,1,1,94,1,6,0
1,1,4,83,1,2,94,1,6,0
1,1,2,89,1,1,94,1,6,1
1,1,1,91,1,1,94,1,2,78
1,1,1,91,1,1,95,1,2,81
1,1,4,84,1,1,95,1,1,93
0,1,1,84,1,4,83,1,2,94
1,1,4,80,1,2,89,1,1,94
1,1,1,84,1,1,91,1,1,95
0,1,1,87,1,4,84,1,1,95
0,1,3,91,1,1,84,1,4,83
0,2,2,73,1,4,80,1,2,89
0,1,4,56,1,1,84,1,1,91
1,1,1,82,1,1,87,1,4,84
1,1,4,80,1,3,91,1,1,84
0,1,1,84,2,2,73,1,4,80
0,1,4,80,1,4,56,1,1,84
0,1,3,90,1,1,82,1,1,87
0,1,2,91,1,4,80,1,3,91
0,1,2,93,1,1,84,2,2,73
0,1,1,93,1,4,80,1,4,56
0,1,5,68,1,3,90,1,1,82
0,1,5,68,1,2,91,1,4,80
0,1,4,67,1,2,93,1,1,84
0,1,1,86,1,1,93,1,4,80
0,1,4,80,1,5,68,1,3,90
0,1,4,87,1,5,68,1,2,91
0,1,3,88,1,4,67,1,2,93
0,1,4,81,1,1,86,1,1,93
0,1,1,89,1,4,80,1,5,68
0,1,3,89,1,4,87,1,5,68
0,1,1,93,1,3,88,1,4,67
0,1,2,94,1,4,81,1,1,86
0,1,4,89,1,1,89,1,4,80
0,1,4,88,1,3,89,1,4,87
0,1,4,77,1,1,93,1,3,88
0,2,1,70,1,2,94,1,4,81
0,2,6,8,1,4,89,1,1,89
0,2,6,10,1,4,88,1,3,89
0,3,3,64,1,4,77,1,1,93
0,3,1,81,2,1,70,1,2,94
0,1,2,94,1,2,62,2,3,53
0,1,1,94,1,1,82,2,2,59
0,1,1,94,1,1,94,1,6,14
1,1,1,94,1,1,95,2,6,6
1,1,1,95,1,1,95,2,6,14
1,1,2,94,1,1,95,1,6,3
0,1,2,94,1,2,94,1,2,62
1,1,1,94,1,1,94,1,1,82
1,1,1,94,1,1,94,1,1,95
1,1,1,95,1,1,95,1,1,95
0,1,1,95,1,2,94,1,2,94
0,1,1,95,1,1,94,1,1,94
0,1,1,95,1,1,94,1,1,94
0,1,2,94,1,1,95,1,1,95
0,1,1,94,1,1,95,1,2,94
0,1,1,94,1,1,95,1,2,94
1,1,2,94,1,1,95,1,1,94
1,1,3,5,1,1,95,1,1,94
1,1,3,5,1,1,95,1,1,94
0,1,1,91,1,2,94,1,1,95
0,1,1,91,1,1,94,1,1,95
0,1,1,95,1,1,94,1,1,95
0,1,1,95,1,2,94,1,1,95
0,1,1,94,1,1,91,1,2,94
0,1,1,94,1,1,91,1,1,94
0,1,1,94,1,1,95,1,1,94
0,1,1,95,1,1,95,1,2,94
0,1,1,95,1,2,94,1,3,5
0,1,1,95,1,1,94,1,1,91
0,1,1,95,1,1,94,1,1,95
0,1,1,95,1,1,95,1,1,95
0,1,1,95,1,1,95,1,2,94
0,1,1,95,1,1,95,1,1,94
0,1,1,95,1,1,95,1,1,94
0,1,1,95,1,1,95,1,1,95
0,1,1,95,1,1,95,1,1,95
0,1,3,91,1,1,95,1,1,95
0,1,1,90,1,1,95,1,1,95
0,1,2,92,1,1,95,1,1,95
0,1,3,92,1,1,95,1,1,95
0,1,1,92,1,3,91,1,1,95
0,1,1,91,1,1,90,1,1,95
0,1,1,91,1,2,92,1,1,95
0,1,1,95,1,1,91,1,1,90
0,1,1,95,1,1,91,1,2,92
0,1,1,95,1,1,95,1,3,92
0,1,1,95,1,1,95,1,1,92
0,1,1,95,1,1,95,1,1,91
0,1,1,95,1,1,95,1,1,91
0,1,1,95,1,1,95,1,1,95
0,1,1,95,1,1,95,1,1,95
0,1,2,96,1,1,95,1,1,95
0,1,1,96,1,1,95,1,1,95
0,1,1,95,1,1,95,1,1,95
0,1,1,97,1,1,95,1,1,95
0,1,1,97,1,2,96,1,1,95
0,1,2,96,1,1,96,1,1,95
0,1,1,96,1,1,95,1,1,95
0,1,6,5,1,1,97,1,1,95
0,1,6,19,1,1,97,1,2,96
0,2,6,9,1,2,96,1,1,96
0,6,6,5,1,1,96,1,1,95
0,1,1,94,1,3,67,2,6,11
0,1,1,95,1,4,32,2,6,11
0,1,1,95,1,2,91,1,5,13
0,1,1,95,1,3,87,2,6,3
0,1,1,95,1,2,93,2,4,31
0,1,1,95,1,1,92,2,6,5
0,1,2,94,1,1,94,1,3,67
1,1,2,95,1,1,95,1,4,32
0,1,2,95,1,1,95,1,2,91
1,1,2,94,1,1,95,1,1,92
0,1,2,95,1,2,94,1,1,94
0,1,2,94,1,2,95,1,1,95
0,1,3,92,1,1,93,1,1,95
0,1,1,5,1,2,94,1,1,95
0,1,1,91,1,2,95,1,2,94
0,1,1,95,1,1,93,1,2,94
0,1,1,95,1,2,94,1,2,95
0,1,1,95,1,3,92,1,1,93
0,1,1,95,1,3,5,1,1,93
0,1,1,95,1,1,5,1,2,94
0,1,2,94,1,1,91,1,2,95
1,1,2,94,1,1,95,1,1,93
1,1,1,94,1,1,95,1,2,94
1,1,1,94,1,1,95,1,3,92
1,1,1,94,1,1,95,1,3,5
1,1,2,94,1,1,95,1,1,5
0,1,2,95,1,2,94,1,1,95
0,1,1,93,1,1,94,1,1,95
0,1,1,94,1,1,94,1,1,95
0,1,1,95,1,2,94,1,1,95
0,1,1,95,1,2,95,1,2,94
0,1,1,95,1,1,93,1,1,94
0,1,1,95,1,1,94,1,1,94
0,1,4,83,1,1,95,1,2,94
0,1,4,87,1,1,95,1,2,95
0,1,1,89,1,1,95,1,1,93
0,1,1,87,1,1,95,1,1,94
0,1,1,95,1,4,83,1,1,95
0,1,1,95,1,4,87,1,1,95
0,1,2,94,1,1,89,1,1,95
0,1,1,94,1,1,87,1,1,95
0,1,1,94,1,1,95,1,4,83
0,1,3,91,1,1,95,1,4,87
0,1,4,87,1,2,94,1,1,89
0,1,2,91,1,1,94,1,1,95
0,1,1,92,1,3,91,1,1,95
0,1,1,95,1,3,90,1,2,94
0,1,1,95,1,2,91,1,1,94
0,1,3,93,1,1,92,1,3,91
0,1,1,93,1,1,94,1,4,87
0,1,3,92,1,1,95,1,3,90
0,1,2,95,1,1,95,1,2,91
0,1,3,93,1,3,93,1,1,92
0,1,1,93,1,1,93,1,1,94
0,1,6,14,1,2,95,1,1,95
0,6,6,1,1,3,93,1,3,93
0,6,6,1,1,1,93,1,1,93
0,1,1,5,2,2,67,3,6,10
1,1,1,5,2,2,72,5,6,16
1,1,1,95,2,1,90,2,6,10
1,1,1,95,2,1,90,2,6,1
1,1,1,95,1,1,93,2,6,1
1,1,1,95,1,1,93,2,6,21
1,1,1,95,1,1,5,2,2,67
1,1,1,95,1,1,5,2,2,72
1,1,1,95,1,1,95,2,1,90
1,1,1,95,1,1,95,2,1,90
1,1,1,95,1,1,95,1,1,93
1,1,1,95,1,1,95,1,1,93
1,1,1,95,1,1,95,1,1,5
1,1,1,95,1,1,95,1,1,95
0,1,1,95,1,1,95,1,1,95
0,1,1,95,1,1,95,1,1,95
0,1,4,83,1,1,95,1,1,95
1,1,2,89,1,1,95,1,1,95
1,1,1,91,1,1,95,1,1,95
1,1,3,91,1,1,95,1,1,95
0,1,3,90,1,2,89,1,1,95
0,1,1,90,1,1,91,1,1,95
0,1,3,90,1,3,91,1,1,95
0,1,2,93,1,4,87,1,4,83
0,1,3,90,1,3,90,1,2,89
0,1,1,92,1,1,90,1,1,91
0,1,2,92,1,3,90,1,3,91
0,1,4,86,1,2,93,1,4,87
0,1,4,85,1,3,90,1,3,90
0,1,3,88,1,1,92,1,1,90
0,1,3,88,1,2,92,1,3,90
0,1,1,91,1,4,85,1,3,90
0,1,1,95,1,3,88,1,1,92
0,1,1,95,1,3,88,1,2,92
0,1,3,91,1,1,91,1,4,86
0,1,1,90,1,1,91,1,4,85
0,1,2,94,1,1,95,1,3,88
0,1,1,96,1,1,95,1,3,88
0,1,2,96,1,3,91,1,1,91
0,1,1,96,1,1,90,1,1,91
0,1,3,93,1,2,94,1,1,95
0,1,3,94,1,1,96,1,1,95
0,1,3,92,1,2,96,1,3,91
0,1,1,92,1,1,96,1,1,90
0,1,1,5,1,3,93,1,2,94
0,2,1,5,1,3,94,1,1,96
0,1,6,9,1,3,92,1,2,96
0,6,6,1,1,1,92,1,1,96
0,6,6,1,1,1,92,1,1,96
0,6,6,10,2,1,5,1,3,94
0,6,6,0,2,1,83,1,3,94
0,2,1,93,2,2,82,2,6,0
1,2,2,91,2,1,71,2,6,1
1,2,2,91,2,2,90,2,5,2
1,2,2,91,2,1,91,2,6,10
1,2,1,91,2,1,90,2,4,43
1,2,1,90,2,1,93,2,6,15
1,2,1,90,2,1,93,2,2,82
1,2,3,89,2,2,91,2,1,91
0,2,1,87,2,1,91,2,1,90
0,2,1,87,2,1,90,2,1,93
0,2,1,93,2,3,84,2,1,93
0,2,1,93,2,3,89,2,2,91
0,2,1,5,2,1,87,2,1,91
0,2,2,91,2,1,87,2,1,90
0,2,1,91,2,1,93,2,1,90
1,2,3,84,2,1,93,2,3,84
1,2,1,87,2,1,93,2,3,89
1,2,3,83,2,1,5,2,3,89
1,2,3,83,2,1,5,2,1,87
1,2,1,87,2,2,91,2,1,87
0,2,1,85,2,1,91,2,1,93
0,2,1,85,2,3,84,2,1,93
0,2,1,93,2,1,87,2,1,93
0,2,1,93,2,3,83,2,1,5
0,1,1,93,2,1,87,2,2,91
0,1,1,93,2,1,85,2,3,84
0,1,3,79,2,1,93,2,1,87
0,1,4,87,2,1,93,2,3,83
0,1,4,76,1,1,93,2,1,85
0,1,2,90,1,4,87,2,1,93
0,1,3,91,1,4,76,1,1,93
0,1,1,90,1,1,89,1,3,79
0,1,2,92,1,2,90,1,4,87
0,1,2,95,1,1,94,1,4,80
0,1,1,93,1,3,91,1,4,76
0,1,1,95,1,1,90,1,1,89
0,1,1,95,1,2,92,1,2,90
0,1,1,95,1,2,95,1,1,94
0,1,1,95,1,1,93,1,3,91
0,1,1,95,1,1,95,1,1,90
0,1,4,83,1,1,95,1,2,92
0,1,1,84,1,1,95,1,2,95
0,1,1,87,1,1,95,1,1,93
0,1,1,95,1,1,95,1,1,95
0,1,1,95,1,4,83,1,1,95
0,1,1,95,1,1,84,1,1,95
0,1,1,97,1,1,87,1,1,95
0,1,1,97,1,1,95,1,1,95
0,1,4,86,1,1,95,1,4,83
0,1,3,91,1,1,95,1,1,84
0,1,1,89,1,1,97,1,1,87
0,1,1,93,1,1,97,1,1,95
0,5,6,1,1,3,91,1,1,95
0,6,4,17,1,1,89,1,1,97
0,6,3,5,1,1,93,1,1,97
0,2,1,93,2,1,55,2,6,4
0,2,1,93,2,1,58,2,4,55
0,2,1,93,2,1,60,2,4,62
1,2,4,74,2,1,93,2,6,9
1,2,4,74,2,1,93,2,6,7
1,2,1,80,2,1,93,2,1,55
1,2,2,82,2,1,93,2,6,21
1,2,2,82,2,1,93,2,1,58
1,2,1,91,2,1,93,2,1,60
0,2,2,90,2,4,74,2,1,93
0,2,1,91,2,1,80,2,1,93
0,1,1,87,2,2,82,2,1,93
1,1,2,85,2,1,91,2,1,93
1,1,1,5,2,2,90,2,4,74
0,2,1,90,2,1,91,2,1,80
0,1,1,87,2,1,90,2,1,80
1,1,1,86,1,1,87,2,2,82
0,1,2,94,1,2,85,2,1,91
0,1,1,94,1,2,5,2,1,91
0,1,1,94,1,1,5,2,2,90
0,1,1,94,2,1,90,2,1,91
0,1,1,95,1,1,87,2,1,90
0,1,1,95,1,1,86,1,1,87
0,1,1,95,1,2,94,1,2,85
0,1,1,95,1,1,94,1,2,5
0,1,1,95,1,1,94,2,1,90
0,1,3,91,1,1,95,1,1,87
0,1,3,92,1,1,95,1,2,94
0,1,1,91,1,1,95,1,1,94
0,1,4,83,1,1,95,1,1,94
0,1,6,23,1,3,91,1,1,95
0,2,2,60,1,3,92,1,1,95
0,2,1,71,1,1,91,1,1,95
0,2,1,93,1,4,83,1,1,95
0,2,1,88,2,2,60,1,3,92
0,2,1,85,2,1,71,1,1,91
0,2,1,93,2,1,90,1,1,91
0,2,1,93,2,1,93,1,4,83
0,2,1,93,2,2,91,1,6,23
0,2,1,93,2,3,87,2,6,20
0,2,1,93,2,1,88,2,2,60
0,2,1,93,2,1,85,2,1,71
0,2,1,93,2,1,93,2,1,90
0,2,1,93,2,1,93,2,2,91
0,2,1,93,2,1,93,2,3,87
0,2,1,93,2,1,93,2,1,85
0,2,1,93,2,1,93,2,1,93
0,2,3,84,2,1,93,2,1,93
0,2,1,87,2,1,93,2,1,93
0,2,1,85,2,1,93,2,1,93
0,2,2,91,2,1,93,2,1,93
0,2,1,93,2,3,84,2,1,93
0,2,1,92,2,1,87,2,1,93
0,2,1,94,2,1,85,2,1,93
0,2,1,94,2,2,91,2,1,93
0,2,3,87,2,1,93,2,3,84
0,1,2,85,2,1,92,2,1,87
0,1,6,20,2,1,94,2,1,85
0,2,6,17,2,1,94,2,2,91
0,1,6,12,2,3,87,2,1,93
0,6,6,1,1,2,85,2,1,92
0,1,1,93,1,3,83,2,6,33
0,1,1,94,1,2,82,2,6,22
1,1,1,95,1,2,93,2,6,10
1,1,3,91,1,1,93,1,6,19
1,1,3,91,1,2,5,1,4,31
1,1,1,90,1,2,5,1,6,20
1,1,1,90,1,1,93,1,3,83
1,1,2,92,1,1,94,1,2,82
1,1,1,94,1,1,95,1,2,93
1,1,2,94,1,3,91,1,2,5
0,1,1,94,1,1,90,1,1,93
0,1,1,94,1,2,92,1,1,94
0,1,1,95,1,1,94,1,1,95
0,1,2,94,1,2,94,1,3,91
0,1,1,94,1,1,94,1,1,90
0,1,1,94,1,1,94,1,2,92
0,1,2,94,1,1,95,1,1,94
0,1,2,95,1,2,94,1,2,94
0,1,1,93,1,1,94,1,1,94
0,1,2,94,1,1,94,1,1,94
0,1,1,94,1,2,94,1,1,95
0,1,1,94,1,2,95,1,2,94
0,1,1,95,1,1,93,1,1,94
0,1,1,95,1,2,94,1,1,94
0,1,2,94,1,1,94,1,2,94
0,1,1,94,1,1,94,1,2,95
0,1,1,94,1,1,95,1,1,93
0,1,1,95,1,1,95,1,2,94
0,1,2,94,1,2,94,1,1,94
0,1,4,86,1,1,94,1,1,94
0,1,3,90,1,1,94,1,1,95
0,1,1,90,1,1,95,1,1,95
0,1,1,91,1,2,94,1,2,94
0,1,3,91,1,4,86,1,1,94
0,1,2,95,1,3,90,1,1,94
0,1,1,94,1,1,90,1,1,95
0,1,1,95,1,1,91,1,2,94
0,1,1,97,1,3,91,1,4,86
0,1,1,97,1,2,95,1,3,90
0,1,1,97,1,1,94,1,1,90
0,1,1,97,1,1,95,1,1,91
0,1,1,97,1,1,97,1,3,91
0,1,1,97,1,1,97,1,2,95
0,2,6,16,1,1,97,1,1,94
0,3,6,6,1,1,97,1,1,95
0,3,6,1,1,1,97,1,1,97
0,5,6,2,1,1,97,1,1,97
0,1,1,95,1,2,82,1,6,4
1,1,1,95,1,1,92,1,6,3
1,1,1,95,1,1,94,1,6,16
1,1,1,95,1,1,95,1,6,16
1,1,1,95,1,1,95,1,6,16
1,1,1,95,1,1,95,1,3,69
1,1,2,94,1,1,95,1,2,82
1,1,1,94,1,1,95,1,1,92
1,1,1,94,1,1,95,1,1,94
0,1,1,95,1,1,95,1,1,95
0,1,1,95,1,1,95,1,1,95
0,1,1,5,1,1,95,1,1,95
1,1,1,5,1,2,94,1,1,95
1,1,1,95,1,1,94,1,1,95
1,1,1,95,1,1,94,1,1,95
1,1,1,95,1,1,95,1,1,95
1,1,1,95,1,1,95,1,1,95
0,1,2,94,1,1,5,1,1,95
0,1,2,94,1,1,5,1,2,94
0,1,1,94,1,1,95,1,1,94
0,1,1,94,1,1,95,1,1,94
0,1,1,94,1,1,95,1,1,95
0,1,1,95,1,1,95,1,1,95
0,1,1,95,1,2,94,1,1,5
0,1,2,94,1,1,94,1,1,95
0,1,2,94,1,1,94,1,1,95
0,1,1,94,1,1,95,1,1,95
0,1,1,95,1,1,95,1,2,94
0,1,1,95,1,2,94,1,1,94
0,1,2,94,1,2,94,1,1,94
0,1,2,94,1,1,94,1,1,95
0,1,2,94,1,1,95,1,1,95
0,1,2,94,1,1,95,1,2,94
0,1,1,95,1,2,94,1,1,95
0,1,1,95,1,1,94,1,1,95
0,1,1,95,1,1,94,1,1,95
0,1,1,95,1,1,95,1,1,95
0,1,1,95,1,1,95,1,2,94
0,1,1,95,1,1,95,1,1,94
0,1,1,95,1,1,95,1,1,94
0,1,1,87,1,1,95,1,1,95
0,1,1,86,1,1,95,1,1,95
0,1,1,97,1,1,95,1,1,95
0,1,1,97,1,1,95,1,1,95
0,1,2,96,1,1,87,1,1,95
0,1,1,96,1,1,86,1,1,95
0,1,1,95,1,1,97,1,1,95
0,1,1,97,1,1,97,1,1,95
0,1,1,97,1,2,96,1,1,87
0,1,1,97,1,1,96,1,1,86
0,1,1,97,1,1,95,1,1,97
0,1,1,97,1,1,97,1,1,97
0,1,1,97,1,1,97,1,2,96
0,1,1,97,1,1,97,1,1,96
0,1,1,97,1,1,97,1,1,95
0,2,1,78,1,1,97,1,1,97
0,2,2,89,1,1,97,1,1,97
0,2,6,9,1,1,97,1,1,97
0,2,4,66,1,1,97,1,1,97
0,2,4,80,2,1,78,1,1,97
0,3,6,17,2,2,89,1,1,97
0,2,2,91,2,3,84,1,6,5
0,2,1,5,2,1,88,1,6,5
1,2,1,5,2,1,85,2,6,1
1,2,1,93,2,1,93,2,6,6
1,2,1,93,2,1,93,2,3,65
1,2,1,93,2,1,93,2,2,74
1,2,1,93,2,2,91,2,3,84
0,2,1,93,2,1,5,2,1,88
0,2,1,93,2,1,5,2,1,85
0,2,1,93,2,1,93,2,1,93
0,2,1,93,2,1,93,2,1,93
0,2,1,93,2,1,93,2,1,93
0,2,3,84,2,1,93,2,2,91
1,2,4,82,2,1,93,2,1,5
1,2,2,87,2,1,93,2,1,93
1,2,4,75,2,1,93,2,1,93
0,2,3,86,2,3,84,2,1,93
0,2,4,72,2,4,82,2,1,93
0,2,1,85,2,2,87,2,1,93
0,2,4,72,2,4,75,2,1,93
0,2,2,85,2,3,86,2,3,84
0,2,1,85,2,4,72,2,4,82
0,2,4,75,2,1,85,2,2,87
0,2,3,86,2,4,72,2,4,75
0,2,3,81,2,2,85,2,3,86
0,2,4,78,2,1,85,2,4,72
0,2,4,76,2,4,75,2,1,85
0,2,3,83,2,3,86,2,4,72
0,2,3,81,2,3,81,2,2,85
0,2,1,87,2,4,78,2,1,85
0,2,5,55,2,4,76,2,4,75
0,2,2,77,2,3,83,2,3,86
0,2,1,80,2,3,81,2,3,81
0,2,1,90,2,1,87,2,4,78
0,2,1,93,2,5,55,2,4,76
0,2,3,84,2,2,77,2,3,83
0,2,3,89,2,1,80,2,3,81
0,2,4,78,2,1,90,2,1,87
0,2,1,83,2,1,93,2,5,55
0,2,2,84,2,3,84,2,2,77
0,2,3,89,2,3,89,2,1,80
0,2,3,89,2,4,78,2,1,90
0,2,1,86,2,1,83,2,1,93
0,2,2,88,2,2,84,2,3,84
0,2,3,89,2,3,89,2,3,89
0,2,1,89,2,3,89,2,4,78
0,2,3,85,2,1,86,2,1,83
0,2,1,5,2,2,88,2,2,84
0,1,3,83,2,3,89,2,3,89
0,1,6,22,2,1,89,2,3,89
0,1,6,22,2,3,85,2,1,86
0,6,6,1,2,1,5,2,1,86
0,6,6,1,2,1,5,2,2,88
0,6,6,0,1,3,82,2,2,88
0,6,6,0,1,3,83,2,3,89
0,1,1,95,1,2,76,1,2,63
0,1,1,95,1,3,92,2,1,73
0,1,1,5,1,2,93,2,6,12
0,1,1,5,1,1,92,1,6,8
0,1,3,91,1,1,94,1,6,6
0,1,2,93,1,1,95,1,6,6
1,1,2,93,1,1,95,1,2,76
1,1,1,93,1,1,95,1,3,92
1,1,1,94,1,1,5,1,2,93
1,1,1,94,1,1,5,1,1,92
1,1,3,91,1,3,91,1,1,94
1,1,1,90,1,2,93,1,1,95
0,1,1,90,1,2,93,1,1,95
0,1,1,91,1,1,93,1,1,95
0,1,3,91,1,1,94,1,1,5
0,1,3,90,1,3,91,1,3,91
0,1,1,90,1,1,90,1,2,93
0,1,1,91,1,1,91,1,1,93
1,1,1,95,1,3,91,1,1,94
0,1,2,94,1,3,90,1,3,91
0,1,1,94,1,1,90,1,1,90
0,1,1,94,1,1,91,1,1,91
0,1,1,95,1,1,95,1,3,91
0,1,1,95,1,2,94,1,3,90
0,1,1,95,1,1,94,1,1,90
0,1,1,95,1,1,94,1,1,91
0,1,3,91,1,1,95,1,1,95
0,1,3,92,1,1,95,1,2,94
1,1,1,91,1,1,95,1,1,94
1,1,1,91,1,1,95,1,1,94
0,1,3,91,1,3,91,1,1,95
0,1,1,90,1,3,92,1,1,95
0,1,3,90,1,1,91,1,1,95
0,1,2,93,1,1,91,1,1,95
0,1,1,92,1,3,91,1,3,91
0,1,1,94,1,1,90,1,3,92
0,1,1,95,1,3,90,1,1,91
0,1,4,83,1,2,93,1,1,91
0,1,1,84,1,1,92,1,3,91
0,1,3,89,1,1,94,1,1,90
0,1,2,95,1,1,95,1,3,90
0,1,2,95,1,4,83,1,2,93
0,1,1,95,1,1,84,1,1,92
0,1,1,95,1,3,89,1,1,94
0,1,1,97,1,2,95,1,1,95
0,1,6,21,1,2,95,1,4,83
0,6,6,7,1,1,95,1,1,84
0,2,6,2,1,1,95,1,3,89
0,2,4,5,1,1,97,1,2,95
0,2,3,83,2,2,72,2,1,60
0,1,4,68,2,2,72,1,5,66
0,1,1,83,2,2,91,1,6,15
0,1,4,80,2,2,91,5,6,1
0,1,1,84,2,3,87,2,6,4
0,1,1,87,2,1,88,2,6,1
0,1,1,95,2,3,83,2,2,72
0,1,1,95,1,4,68,2,2,72
0,1,1,95,1,1,83,2,2,91
0,1,1,95,1,4,80,2,2,91
0,1,1,5,1,1,84,2,3,87
0,1,1,5,1,1,87,2,1,88
0,1,1,95,1,1,95,2,3,83
0,1,1,95,1,1,95,1,4,68
0,1,1,95,1,1,95,1,1,83
0,1,1,95,1,1,95,1,4,80
0,1,1,95,1,1,5,1,1,84
0,1,1,95,1,1,5,1,1,87
0,1,2,94,1,1,95,1,1,95
0,1,2,95,1,1,95,1,1,95
0,1,2,95,1,1,95,1,1,95
0,1,1,93,1,1,95,1,1,95
0,2,2,90,1,1,95,1,1,5
0,1,1,94,1,2,94,1,1,95
0,1,1,95,1,2,95,1,1,95
0,1,1,95,1,1,93,1,1,95
0,1,1,95,2,2,90,1,1,95
0,1,1,95,1,1,94,1,2,94
0,1,1,95,1,1,95,1,1,93
0,1,1,95,1,1,95,2,2,90
0,1,1,95,1,1,95,1,1,94
0,1,1,95,1,1,95,1,1,94
0,1,1,95,1,1,95,1,1,95
0,1,1,95,1,1,95,1,1,95
0,1,1,95,1,1,95,1,1,95
0,1,1,95,1,1,95,1,1,95
0,1,1,95,1,1,95,1,1,95
0,2,1,93,1,1,95,1,1,95
0,1,1,95,1,1,95,1,1,95
0,1,1,95,1,1,95,1,1,95
0,1,2,94,1,1,95,1,1,95
0,1,3,92,2,1,93,1,1,95
0,1,6,33,1,1,95,1,1,95
0,1,3,86,1,1,95,1,1,95
0,1,1,90,1,2,94,1,1,95
0,1,1,90,1,3,92,2,1,93
0,1,1,95,1,1,83,1,1,95
0,1,1,97,1,3,86,1,1,95
0,1,1,97,1,1,90,1,2,94
0,1,3,93,1,3,90,1,2,94
0,1,1,93,1,1,90,1,3,92
0,1,1,93,1,1,91,1,6,33
0,1,1,97,1,1,95,1,1,83
0,1,1,97,1,1,97,1,3,86
0,1,4,86,1,1,97,1,1,90
0,1,1,85,1,3,93,1,3,90
0,1,4,82,1,1,93,1,1,90
0,1,4,88,1,1,93,1,1,91
0,3,6,19,1,1,97,1,1,95
0,4,6,9,1,1,97,1,1,97
0,1,6,3,1,4,86,1,1,97
0,2,6,1,1,1,85,1,3,93
0,2,6,1,1,4,82,1,1,93
0,2,6,10,1,4,88,1,1,93
0,2,1,93,2,2,74,2,6,6
0,2,1,93,2,2,88,2,4,35
1,2,1,93,2,5,60,2,6,13
1,2,2,91,2,2,85,2,5,18
1,2,2,91,2,1,80,2,6,5
1,2,1,91,2,1,90,2,3,75
1,2,1,90,2,1,93,2,2,74
1,2,1,90,2,1,93,2,2,88
1,1,6,15,2,1,93,2,5,60
0,1,5,30,2,2,91,2,1,80
0,1,1,80,2,1,91,2,1,90
0,1,1,82,2,1,90,2,1,93
0,1,2,89,1,5,30,2,2,91
1,1,3,91,1,1,80,2,1,91
1,1,1,90,1,1,82,2,1,90
1,1,3,5,1,1,95,2,1,90
1,1,1,5,1,4,83,1,6,15
0,1,1,91,1,2,89,1,5,30
0,1,1,95,1,1,91,1,5,30
0,1,1,95,1,3,91,1,1,80
0,1,2,94,1,1,90,1,1,82
0,1,1,94,1,3,5,1,1,95
0,1,3,91,1,1,5,1,4,83
0,1,3,92,1,1,91,1,2,89
0,1,3,92,1,1,95,1,1,91
0,1,1,91,1,1,95,1,3,91
0,1,1,91,1,2,94,1,1,90
0,1,1,91,1,1,94,1,3,5
0,1,1,95,1,3,91,1,1,5
0,1,3,91,1,3,92,1,1,95
0,1,1,90,1,1,91,1,1,95
0,1,3,90,1,1,91,1,1,94
0,1,6,36,1,1,95,1,3,91
0,1,1,87,1,3,91,1,3,92
0,1,3,81,1,1,90,1,1,91
0,1,1,91,1,3,90,1,1,91
0,1,1,95,1,6,36,1,1,95
0,1,1,95,1,1,87,1,3,91
0,1,1,95,1,3,81,1,1,90
0,1,1,95,1,1,90,1,1,90
0,1,3,91,1,1,91,1,3,90
0,1,3,91,1,1,95,1,6,36
0,1,4,87,1,1,95,1,6,36
0,1,1,90,1,1,95,1,1,87
0,1,1,90,1,1,95,1,3,81
0,1,1,87,1,1,95,1,1,90
0,1,1,95,1,3,91,1,1,95
0,1,1,95,1,4,87,1,1,95
0,1,1,95,1,1,90,1,1,95
0,1,1,95,1,1,87,1,1,95
0,1,1,95,1,1,95,1,3,91
0,1,1,95,1,1,95,1,4,87
0,1,1,95,1,1,95,1,1,90
0,1,1,95,1,1,95,1,1,87
0,1,1,95,1,1,95,1,1,95
0,1,1,95,1,1,95,1,1,95
0,1,1,97,1,1,95,1,1,95
0,1,2,96,1,1,95,1,1,95
0,1,1,96,1,1,95,1,1,95
0,1,1,95,1,1,95,1,1,95
0,1,1,97,1,1,97,1,1,95
0,1,1,97,1,2,96,1,1,95
0,1,6,41,1,1,96,1,1,95
0,1,6,38,1,1,95,1,1,95
0,1,6,21,1,1,97,1,1,97
0,1,5,25,1,1,97,1,2,96